Metric,Value
Week Number,4
Year,2026
Report Date,2026-01-20
Total Products Analyzed,10
Top Products,5
Watch Products,5
Total Views,0
Total Likes,0
Total Comments,0
Total Shares,0
Total Interactions,0
Average Engagement Rate,5.72
,
Top 5 Products,
#1,3D printed Shoes Printer: Bambu Lab A1 Filament: TPU 95A Blue and TPU 95A Rainbow STL file: Makerwor
#2,Top 7 most 3D printed. Let me know which one you want to print! . Files at LinkIn myBio.
#3,"Let’s 3D print a custom stamp with @BAMBULAB Official ✨ I pick a ready-to-print model, add my own de"
#4,HES DONE. Full length video out now.  Printed on my @formlabs Form 4L. Model by @vek3d #anime #onepi
#5,"Jade Green Oni Mask #3. STL available. Printed with a mix of orange, red, green, blue transparent re"
